{"mean":{"confidence_interval":{"confidence_level":0.95,"lower_bound":6548853.2130625,"upper_bound":6846959.1025625},"point_estimate":6688255.535,"standard_error":76593.94919923025},"median":{"confidence_interval":{"confidence_level":0.95,"lower_bound":6365125.5,"upper_bound":6486264.75},"point_estimate":6421638.75,"standard_error":33996.95567071717},"median_abs_dev":{"confidence_interval":{"confidence_level":0.95,"lower_bound":193573.1636758894,"upper_bound":368318.97561103106},"point_estimate":273542.8456686437,"standard_error":45957.037617928654},"slope":null,"std_dev":{"confidence_interval":{"confidence_level":0.95,"lower_bound":522686.86326850596,"upper_bound":981562.1668139573},"point_estimate":770295.0707165261,"standard_error":117113.89915866424}}