{"mean":{"confidence_interval":{"confidence_level":0.95,"lower_bound":233497562.4115,"upper_bound":235035902.7815},"point_estimate":234284958.1,"standard_error":394082.64766795305},"median":{"confidence_interval":{"confidence_level":0.95,"lower_bound":234177125.0,"upper_bound":235421613.0},"point_estimate":234995645.5,"standard_error":341157.2678005106},"median_abs_dev":{"confidence_interval":{"confidence_level":0.95,"lower_bound":2110629.322528839,"upper_bound":3810700.1367415483},"point_estimate":2710054.1287869215,"standard_error":427415.00683376554},"slope":null,"std_dev":{"confidence_interval":{"confidence_level":0.95,"lower_bound":3255827.246627531,"upper_bound":4604574.213515526},"point_estimate":3973754.3324352633,"standard_error":344128.8072950384}}