{"mean":{"confidence_interval":{"confidence_level":0.95,"lower_bound":3026970.053970586,"upper_bound":3035548.5136911743},"point_estimate":3031186.3564705863,"standard_error":2188.803348227349},"median":{"confidence_interval":{"confidence_level":0.95,"lower_bound":3021319.6470588236,"upper_bound":3033928.7647058824},"point_estimate":3026460.882352941,"standard_error":3868.0914627761417},"median_abs_dev":{"confidence_interval":{"confidence_level":0.95,"lower_bound":16099.640325938588,"upper_bound":27192.976599581303},"point_estimate":22500.940135822515,"standard_error":2661.6567157379654},"slope":null,"std_dev":{"confidence_interval":{"confidence_level":0.95,"lower_bound":18199.462572393975,"upper_bound":25781.24261744188},"point_estimate":21957.138968388044,"standard_error":1946.3911625139444}}