{"mean":{"confidence_interval":{"confidence_level":0.95,"lower_bound":199271498.94925,"upper_bound":199558719.28475},"point_estimate":199413233.74,"standard_error":73441.6839365054},"median":{"confidence_interval":{"confidence_level":0.95,"lower_bound":199238355.0,"upper_bound":199620492.5},"point_estimate":199356807.0,"standard_error":103067.96681687745},"median_abs_dev":{"confidence_interval":{"confidence_level":0.95,"lower_bound":527282.9741388559,"upper_bound":864059.2646598816},"point_estimate":691268.9094275236,"standard_error":86826.01953397477},"slope":null,"std_dev":{"confidence_interval":{"confidence_level":0.95,"lower_bound":626762.3281727151,"upper_bound":833922.3882298213},"point_estimate":735230.6796403539,"standard_error":53059.15112351326}}