{"mean":{"confidence_interval":{"confidence_level":0.95,"lower_bound":16458235.245624999,"upper_bound":16525519.59075},"point_estimate":16492252.67,"standard_error":17120.90879879116},"median":{"confidence_interval":{"confidence_level":0.95,"lower_bound":16480124.125,"upper_bound":16536655.875},"point_estimate":16510455.875,"standard_error":14332.353041656173},"median_abs_dev":{"confidence_interval":{"confidence_level":0.95,"lower_bound":145370.78066915274,"upper_bound":225497.55802849302},"point_estimate":182488.96828517318,"standard_error":20145.545679792842},"slope":null,"std_dev":{"confidence_interval":{"confidence_level":0.95,"lower_bound":147588.75426009766,"upper_bound":193879.7161825351},"point_estimate":171569.4902517337,"standard_error":11838.383923536445}}