{"mean":{"confidence_interval":{"confidence_level":0.95,"lower_bound":5515262.403333332,"upper_bound":5584526.008333336},"point_estimate":5548650.123333334,"standard_error":17730.6688715363},"median":{"confidence_interval":{"confidence_level":0.95,"lower_bound":5470167.333333333,"upper_bound":5534634.666666667},"point_estimate":5507834.0,"standard_error":18745.787810236256},"median_abs_dev":{"confidence_interval":{"confidence_level":0.95,"lower_bound":98865.94374477772,"upper_bound":172429.58923876332},"point_estimate":140057.76011347747,"standard_error":19361.165063024455},"slope":null,"std_dev":{"confidence_interval":{"confidence_level":0.95,"lower_bound":142795.14948797438,"upper_bound":207439.98001253672},"point_estimate":177383.80858147092,"standard_error":16569.868444122472}}