{"mean":{"confidence_interval":{"confidence_level":0.95,"lower_bound":1582.2268852678012,"upper_bound":1911.3793711904466},"point_estimate":1725.406903394717,"standard_error":84.88154904424967},"median":{"confidence_interval":{"confidence_level":0.95,"lower_bound":1452.197491984522,"upper_bound":1510.2180158084916},"point_estimate":1473.1159857442349,"standard_error":14.198394349753055},"median_abs_dev":{"confidence_interval":{"confidence_level":0.95,"lower_bound":83.74596923615307,"upper_bound":163.00886006897719},"point_estimate":113.63463658131819,"standard_error":19.51793043212631},"slope":{"confidence_interval":{"confidence_level":0.95,"lower_bound":1417.1330553290375,"upper_bound":1437.9074848812807},"point_estimate":1426.1414718749486,"standard_error":5.316302357316292},"std_dev":{"confidence_interval":{"confidence_level":0.95,"lower_bound":340.1608997669416,"upper_bound":1285.4375839643283},"point_estimate":852.4938345451694,"standard_error":248.06567883753007}}