{"mean":{"confidence_interval":{"confidence_level":0.95,"lower_bound":2984883.2468823544,"upper_bound":3013634.476897059},"point_estimate":2997065.035882354,"standard_error":7422.023166504452},"median":{"confidence_interval":{"confidence_level":0.95,"lower_bound":2979848.8235294116,"upper_bound":2984510.5588235296},"point_estimate":2981987.1470588236,"standard_error":1270.4550977941428},"median_abs_dev":{"confidence_interval":{"confidence_level":0.95,"lower_bound":6074.560939213728,"upper_bound":11690.955970826748},"point_estimate":8333.171181468178,"standard_error":1476.950948180556},"slope":null,"std_dev":{"confidence_interval":{"confidence_level":0.95,"lower_bound":11391.562092202497,"upper_bound":115063.71740787676},"point_estimate":74701.46315121096,"standard_error":25966.39018256697}}