{"mean":{"confidence_interval":{"confidence_level":0.95,"lower_bound":21378.22862238872,"upper_bound":22125.248640341833},"point_estimate":21689.621801619633,"standard_error":194.3867099130755},"median":{"confidence_interval":{"confidence_level":0.95,"lower_bound":21126.497112165693,"upper_bound":21269.48930717568},"point_estimate":21172.729971334666,"standard_error":39.58313308834563},"median_abs_dev":{"confidence_interval":{"confidence_level":0.95,"lower_bound":160.4071643055808,"upper_bound":341.53143892082386},"point_estimate":229.52206566224734,"standard_error":49.82310326350138},"slope":{"confidence_interval":{"confidence_level":0.95,"lower_bound":21057.75823005547,"upper_bound":21108.782833350553},"point_estimate":21081.382205177924,"standard_error":13.003757935841373},"std_dev":{"confidence_interval":{"confidence_level":0.95,"lower_bound":619.3341483579923,"upper_bound":3102.8888436107536},"point_estimate":1953.6044493595252,"standard_error":707.4882769360362}}