{"mean":{"confidence_interval":{"confidence_level":0.95,"lower_bound":14212900.4245625,"upper_bound":14279026.60175},"point_estimate":14245070.875,"standard_error":16809.98146894847},"median":{"confidence_interval":{"confidence_level":0.95,"lower_bound":14172550.0,"upper_bound":14248432.25},"point_estimate":14199565.75,"standard_error":16627.397299454693},"median_abs_dev":{"confidence_interval":{"confidence_level":0.95,"lower_bound":119142.1740316786,"upper_bound":191591.57614856958},"point_estimate":147941.97967350483,"standard_error":16772.065744117917},"slope":null,"std_dev":{"confidence_interval":{"confidence_level":0.95,"lower_bound":138589.4184040484,"upper_bound":196719.92911483592},"point_estimate":169026.94508815068,"standard_error":14879.481193844465}}