{"mean":{"confidence_interval":{"confidence_level":0.95,"lower_bound":317979168.388,"upper_bound":319301535.82925},"point_estimate":318628678.75,"standard_error":337577.57453258504},"median":{"confidence_interval":{"confidence_level":0.95,"lower_bound":316893453.5,"upper_bound":318482777.0},"point_estimate":317522513.5,"standard_error":407414.0042794762},"median_abs_dev":{"confidence_interval":{"confidence_level":0.95,"lower_bound":1782700.4473507404,"upper_bound":3485568.0752187967},"point_estimate":2443987.478810549,"standard_error":393264.0250923342},"slope":null,"std_dev":{"confidence_interval":{"confidence_level":0.95,"lower_bound":2795371.0600700174,"upper_bound":3910801.928659557},"point_estimate":3401058.5237072986,"standard_error":285286.58445683285}}