{"mean":{"confidence_interval":{"confidence_level":0.95,"lower_bound":26516.774475329727,"upper_bound":26889.77785157916},"point_estimate":26677.67256087231,"standard_error":96.63770571993759},"median":{"confidence_interval":{"confidence_level":0.95,"lower_bound":26379.328265765766,"upper_bound":26460.657810352724},"point_estimate":26410.00251922181,"standard_error":18.78247013413586},"median_abs_dev":{"confidence_interval":{"confidence_level":0.95,"lower_bound":93.91112715881634,"upper_bound":197.4336095600313},"point_estimate":133.64912915091108,"standard_error":25.779097008308042},"slope":{"confidence_interval":{"confidence_level":0.95,"lower_bound":26330.883375890182,"upper_bound":26375.988010542314},"point_estimate":26352.238519843915,"standard_error":11.525266754544},"std_dev":{"confidence_interval":{"confidence_level":0.95,"lower_bound":360.67669902281295,"upper_bound":1482.744919302123},"point_estimate":968.0213557913986,"standard_error":297.4966398577503}}