{"mean":{"confidence_interval":{"confidence_level":0.95,"lower_bound":15214799.962000001,"upper_bound":15269573.86975},"point_estimate":15242542.1275,"standard_error":13890.504340177906},"median":{"confidence_interval":{"confidence_level":0.95,"lower_bound":15220811.25,"upper_bound":15284576.75},"point_estimate":15247246.875,"standard_error":14994.548892894001},"median_abs_dev":{"confidence_interval":{"confidence_level":0.95,"lower_bound":106173.98789003491,"upper_bound":162272.13774846864},"point_estimate":132060.92473044991,"standard_error":14156.937797899689},"slope":null,"std_dev":{"confidence_interval":{"confidence_level":0.95,"lower_bound":118110.59470918335,"upper_bound":158766.9657582822},"point_estimate":139418.87230032487,"standard_error":10373.40967818581}}