{"mean":{"confidence_interval":{"confidence_level":0.95,"lower_bound":480121.1760713755,"upper_bound":512601.3597336522},"point_estimate":496064.5295242536,"standard_error":8342.38080631485},"median":{"confidence_interval":{"confidence_level":0.95,"lower_bound":448170.7448925645,"upper_bound":492260.8771929825},"point_estimate":467894.548941799,"standard_error":11263.109660223094},"median_abs_dev":{"confidence_interval":{"confidence_level":0.95,"lower_bound":44792.58712262642,"upper_bound":98601.99152946468},"point_estimate":69334.98706088348,"standard_error":12951.700940956056},"slope":{"confidence_interval":{"confidence_level":0.95,"lower_bound":457122.09155816626,"upper_bound":487452.9010313807},"point_estimate":470904.86891089106,"standard_error":7745.716344219983},"std_dev":{"confidence_interval":{"confidence_level":0.95,"lower_bound":72744.88028363611,"upper_bound":92772.70464814964},"point_estimate":83836.0731529421,"standard_error":5105.539569707055}}