{"mean":{"confidence_interval":{"confidence_level":0.95,"lower_bound":29459106.714250002,"upper_bound":30573716.1245},"point_estimate":29921559.46,"standard_error":288633.32733044645},"median":{"confidence_interval":{"confidence_level":0.95,"lower_bound":29129961.0,"upper_bound":29994921.0},"point_estimate":29613717.0,"standard_error":205709.89216918158},"median_abs_dev":{"confidence_interval":{"confidence_level":0.95,"lower_bound":1046431.6635221243,"upper_bound":1555414.9061858654},"point_estimate":1322940.2651131153,"standard_error":131149.50488033306},"slope":null,"std_dev":{"confidence_interval":{"confidence_level":0.95,"lower_bound":1232623.0867334462,"upper_bound":4580220.306852284},"point_estimate":2895790.812672411,"standard_error":1077251.3744813036}}