{"mean":{"confidence_interval":{"confidence_level":0.95,"lower_bound":179243660.96,"upper_bound":179550770.643},"point_estimate":179394373.43,"standard_error":78548.14274905244},"median":{"confidence_interval":{"confidence_level":0.95,"lower_bound":179041621.0,"upper_bound":179450235.0},"point_estimate":179252690.5,"standard_error":103142.14142377049},"median_abs_dev":{"confidence_interval":{"confidence_level":0.95,"lower_bound":514857.5076169521,"upper_bound":893918.8281297684},"point_estimate":675157.4955135584,"standard_error":94756.30526231139},"slope":null,"std_dev":{"confidence_interval":{"confidence_level":0.95,"lower_bound":658504.7974024954,"upper_bound":893936.6565964306},"point_estimate":786040.1260290359,"standard_error":60293.569893989195}}