{"mean":{"confidence_interval":{"confidence_level":0.95,"lower_bound":198196927.44125,"upper_bound":198579299.1345},"point_estimate":198381284.92,"standard_error":97539.60757034541},"median":{"confidence_interval":{"confidence_level":0.95,"lower_bound":198150715.0,"upper_bound":198482788.0},"point_estimate":198263567.0,"standard_error":87205.53498894432},"median_abs_dev":{"confidence_interval":{"confidence_level":0.95,"lower_bound":492077.896463871,"upper_bound":973733.8564127684},"point_estimate":656772.514539957,"standard_error":119518.21721938653},"slope":null,"std_dev":{"confidence_interval":{"confidence_level":0.95,"lower_bound":761539.418437655,"upper_bound":1194431.3972949935},"point_estimate":978771.5107473038,"standard_error":111364.72140932163}}