{"mean":{"confidence_interval":{"confidence_level":0.95,"lower_bound":52003161.656,"upper_bound":52307509.396000005},"point_estimate":52153640.04,"standard_error":77385.09857969794},"median":{"confidence_interval":{"confidence_level":0.95,"lower_bound":51886836.0,"upper_bound":52361342.0},"point_estimate":52034487.5,"standard_error":125314.71342966861},"median_abs_dev":{"confidence_interval":{"confidence_level":0.95,"lower_bound":605797.7437124401,"upper_bound":944651.1753290892},"point_estimate":772665.8718824387,"standard_error":82547.80343827313},"slope":null,"std_dev":{"confidence_interval":{"confidence_level":0.95,"lower_bound":666470.2366800952,"upper_bound":878249.8055123071},"point_estimate":777446.1651800787,"standard_error":53936.80740219012}}