{"mean":{"confidence_interval":{"confidence_level":0.95,"lower_bound":46617200.219,"upper_bound":46994923.86},"point_estimate":46785754.3,"standard_error":96571.6637948616},"median":{"confidence_interval":{"confidence_level":0.95,"lower_bound":46619325.0,"upper_bound":46927384.0},"point_estimate":46796732.0,"standard_error":93212.89392033526},"median_abs_dev":{"confidence_interval":{"confidence_level":0.95,"lower_bound":473692.91549026966,"upper_bound":795495.6875771284},"point_estimate":643378.7063777447,"standard_error":83097.2368038316},"slope":null,"std_dev":{"confidence_interval":{"confidence_level":0.95,"lower_bound":561132.0286009813,"upper_bound":1447238.0156533238},"point_estimate":971556.8957285661,"standard_error":274025.6644240435}}