{"mean":{"confidence_interval":{"confidence_level":0.95,"lower_bound":35037576.692,"upper_bound":35084155.075125},"point_estimate":35060445.29,"standard_error":11872.486258375786},"median":{"confidence_interval":{"confidence_level":0.95,"lower_bound":35015931.0,"upper_bound":35061606.25},"point_estimate":35040003.0,"standard_error":11100.948418604597},"median_abs_dev":{"confidence_interval":{"confidence_level":0.95,"lower_bound":73167.0500010252,"upper_bound":128217.46962368488},"point_estimate":97350.4794716835,"standard_error":13636.387765150244},"slope":null,"std_dev":{"confidence_interval":{"confidence_level":0.95,"lower_bound":99741.30484668682,"upper_bound":136778.8727627454},"point_estimate":119433.85724804914,"standard_error":9444.5459168618}}