{"mean":{"confidence_interval":{"confidence_level":0.95,"lower_bound":336399829.13975,"upper_bound":337060421.656},"point_estimate":336725543.68,"standard_error":168101.19066293762},"median":{"confidence_interval":{"confidence_level":0.95,"lower_bound":335927095.0,"upper_bound":336972285.0},"point_estimate":336196097.0,"standard_error":305307.1763754826},"median_abs_dev":{"confidence_interval":{"confidence_level":0.95,"lower_bound":1234793.0249780416,"upper_bound":2005996.5714414418},"point_estimate":1680531.5179646015,"standard_error":199264.98585295634},"slope":null,"std_dev":{"confidence_interval":{"confidence_level":0.95,"lower_bound":1416182.2639533512,"upper_bound":1935349.3194399716},"point_estimate":1684494.144833355,"standard_error":132500.8350951483}}