{"mean":{"confidence_interval":{"confidence_level":0.95,"lower_bound":1850435.843890625,"upper_bound":1925312.1904375001},"point_estimate":1887042.8525,"standard_error":19112.514959716256},"median":{"confidence_interval":{"confidence_level":0.95,"lower_bound":1815860.4375,"upper_bound":1900042.125},"point_estimate":1863782.8125,"standard_error":21944.558060154595},"median_abs_dev":{"confidence_interval":{"confidence_level":0.95,"lower_bound":127106.90958090127,"upper_bound":200974.44173824042},"point_estimate":158847.6144298911,"standard_error":18793.744381303695},"slope":null,"std_dev":{"confidence_interval":{"confidence_level":0.95,"lower_bound":158065.73613376232,"upper_bound":221233.6720578289},"point_estimate":191783.19414147863,"standard_error":16145.078040389873}}