{"mean":{"confidence_interval":{"confidence_level":0.95,"lower_bound":6218080.1594,"upper_bound":6307189.190099998},"point_estimate":6261446.205999999,"standard_error":22719.005935077337},"median":{"confidence_interval":{"confidence_level":0.95,"lower_bound":6162596.300000001,"upper_bound":6281897.0},"point_estimate":6238586.800000001,"standard_error":31420.080033371873},"median_abs_dev":{"confidence_interval":{"confidence_level":0.95,"lower_bound":166674.94909992846,"upper_bound":269628.5964131355},"point_estimate":205253.80903601757,"standard_error":25723.788774610144},"slope":null,"std_dev":{"confidence_interval":{"confidence_level":0.95,"lower_bound":187016.75300143976,"upper_bound":271913.3531474944},"point_estimate":228310.1071380888,"standard_error":21972.415541994014}}