{"mean":{"confidence_interval":{"confidence_level":0.95,"lower_bound":4073828.1229999997,"upper_bound":4183890.9440833344},"point_estimate":4126786.7983333324,"standard_error":28081.48955547572},"median":{"confidence_interval":{"confidence_level":0.95,"lower_bound":4013499.1666666665,"upper_bound":4155409.166666667},"point_estimate":4089499.0,"standard_error":42540.81938734123},"median_abs_dev":{"confidence_interval":{"confidence_level":0.95,"lower_bound":190862.75471150887,"upper_bound":323803.9114013321},"point_estimate":242432.77089595806,"standard_error":35421.135020938455},"slope":null,"std_dev":{"confidence_interval":{"confidence_level":0.95,"lower_bound":216981.85254603514,"upper_bound":346737.40258148883},"point_estimate":280218.85530423315,"standard_error":33747.40689917998}}