{"mean":{"confidence_interval":{"confidence_level":0.95,"lower_bound":3739358.606865384,"upper_bound":3754175.7917500003},"point_estimate":3746732.41923077,"standard_error":3788.030004380009},"median":{"confidence_interval":{"confidence_level":0.95,"lower_bound":3736834.4615384615,"upper_bound":3756573.076923077},"point_estimate":3745800.038461538,"standard_error":4506.045362665577},"median_abs_dev":{"confidence_interval":{"confidence_level":0.95,"lower_bound":31380.250581543292,"upper_bound":51036.0521016214},"point_estimate":42220.455635051505,"standard_error":5066.010959449319},"slope":null,"std_dev":{"confidence_interval":{"confidence_level":0.95,"lower_bound":32196.736402532184,"upper_bound":43980.632635104026},"point_estimate":38027.2882026497,"standard_error":3035.637456269333}}