{"mean":{"confidence_interval":{"confidence_level":0.95,"lower_bound":44582107.3345,"upper_bound":44843986.59775},"point_estimate":44712238.9,"standard_error":66876.2027081437},"median":{"confidence_interval":{"confidence_level":0.95,"lower_bound":44457948.0,"upper_bound":44841703.0},"point_estimate":44605350.0,"standard_error":100320.3354107039},"median_abs_dev":{"confidence_interval":{"confidence_level":0.95,"lower_bound":536558.1195741892,"upper_bound":897060.0682914997},"point_estimate":691642.5246208906,"standard_error":94480.68821079134},"slope":null,"std_dev":{"confidence_interval":{"confidence_level":0.95,"lower_bound":594202.3506662167,"upper_bound":748011.2911757627},"point_estimate":675686.930387614,"standard_error":39250.91800696205}}