{"mean":{"confidence_interval":{"confidence_level":0.95,"lower_bound":35745844.487749994,"upper_bound":35825567.230125},"point_estimate":35780719.085,"standard_error":20493.34705566581},"median":{"confidence_interval":{"confidence_level":0.95,"lower_bound":35712163.5,"upper_bound":35812090.5},"point_estimate":35759152.0,"standard_error":25165.154653888807},"median_abs_dev":{"confidence_interval":{"confidence_level":0.95,"lower_bound":97704.82086539268,"upper_bound":155842.3842832446},"point_estimate":116775.13367682695,"standard_error":14961.36083023195},"slope":null,"std_dev":{"confidence_interval":{"confidence_level":0.95,"lower_bound":109690.98673508703,"upper_bound":314828.6839535225},"point_estimate":206587.76686695666,"standard_error":64580.105121947614}}