{"mean":{"confidence_interval":{"confidence_level":0.95,"lower_bound":177150700.16849998,"upper_bound":177443834.62399998},"point_estimate":177286125.61,"standard_error":74781.77892256498},"median":{"confidence_interval":{"confidence_level":0.95,"lower_bound":177109340.0,"upper_bound":177362192.0},"point_estimate":177240479.0,"standard_error":65762.44525399298},"median_abs_dev":{"confidence_interval":{"confidence_level":0.95,"lower_bound":368175.53406357765,"upper_bound":657651.6963243484},"point_estimate":479683.360683918,"standard_error":74807.34299517432},"slope":null,"std_dev":{"confidence_interval":{"confidence_level":0.95,"lower_bound":490763.9173922771,"upper_bound":1054461.6774479612},"point_estimate":750377.3521103628,"standard_error":164287.2240934756}}