{"mean":{"confidence_interval":{"confidence_level":0.95,"lower_bound":7673.384942524909,"upper_bound":8777.483822145156},"point_estimate":8135.333953548985,"standard_error":287.04336548304764},"median":{"confidence_interval":{"confidence_level":0.95,"lower_bound":7287.076135593221,"upper_bound":7493.864864864865},"point_estimate":7383.939702494331,"standard_error":54.39997036954561},"median_abs_dev":{"confidence_interval":{"confidence_level":0.95,"lower_bound":210.05008402645174,"upper_bound":469.4245826680423},"point_estimate":328.15393010068516,"standard_error":69.33219131525071},"slope":{"confidence_interval":{"confidence_level":0.95,"lower_bound":7221.500181827856,"upper_bound":7286.691302669008},"point_estimate":7249.9597415457365,"standard_error":16.692850860127244},"std_dev":{"confidence_interval":{"confidence_level":0.95,"lower_bound":925.5763435143909,"upper_bound":4589.58218821958},"point_estimate":2905.9060208392875,"standard_error":1032.637488391217}}