{"mean":{"confidence_interval":{"confidence_level":0.95,"lower_bound":5240423.461299999,"upper_bound":5337630.7375500025},"point_estimate":5287754.578000001,"standard_error":24865.341526569784},"median":{"confidence_interval":{"confidence_level":0.95,"lower_bound":5184813.6,"upper_bound":5294375.3},"point_estimate":5226524.4,"standard_error":27681.839235591444},"median_abs_dev":{"confidence_interval":{"confidence_level":0.95,"lower_bound":177766.10900402084,"upper_bound":279918.4332704543},"point_estimate":231540.30656933758,"standard_error":25862.904150792183},"slope":null,"std_dev":{"confidence_interval":{"confidence_level":0.95,"lower_bound":209126.3623937563,"upper_bound":285448.74937785853},"point_estimate":249255.6376528425,"standard_error":19626.87075713266}}