{"mean":{"confidence_interval":{"confidence_level":0.95,"lower_bound":6100478.797625,"upper_bound":6244829.76325},"point_estimate":6170525.78,"standard_error":36990.31592433674},"median":{"confidence_interval":{"confidence_level":0.95,"lower_bound":6025171.5,"upper_bound":6190021.0},"point_estimate":6082657.75,"standard_error":39357.85600758404},"median_abs_dev":{"confidence_interval":{"confidence_level":0.95,"lower_bound":239943.05311515927,"upper_bound":405847.84341976047},"point_estimate":327881.06132894754,"standard_error":43007.060290577436},"slope":null,"std_dev":{"confidence_interval":{"confidence_level":0.95,"lower_bound":303271.12292721943,"upper_bound":435743.95838693227},"point_estimate":370166.0723813742,"standard_error":33856.4811600568}}