{"mean":{"confidence_interval":{"confidence_level":0.95,"lower_bound":1919156.585,"upper_bound":1973830.2754374999},"point_estimate":1945092.3925,"standard_error":14008.306626361411},"median":{"confidence_interval":{"confidence_level":0.95,"lower_bound":1897373.75,"upper_bound":1946498.75},"point_estimate":1918261.0,"standard_error":12659.799790103223},"median_abs_dev":{"confidence_interval":{"confidence_level":0.95,"lower_bound":76503.08526679873,"upper_bound":126022.66568765044},"point_estimate":100558.64048972726,"standard_error":13296.529511042432},"slope":null,"std_dev":{"confidence_interval":{"confidence_level":0.95,"lower_bound":101538.37198269796,"upper_bound":175474.56549297596},"point_estimate":140971.4217925658,"standard_error":18918.890004320223}}