{"mean":{"confidence_interval":{"confidence_level":0.95,"lower_bound":3012730.605264707,"upper_bound":3025733.061632354},"point_estimate":3018677.491176471,"standard_error":3333.6233290876976},"median":{"confidence_interval":{"confidence_level":0.95,"lower_bound":3005901.2352941176,"upper_bound":3014689.6176470593},"point_estimate":3009924.911764706,"standard_error":2285.9737176570125},"median_abs_dev":{"confidence_interval":{"confidence_level":0.95,"lower_bound":10413.215338657843,"upper_bound":17905.05464094551},"point_estimate":13993.519851565361,"standard_error":1886.6333481559002},"slope":null,"std_dev":{"confidence_interval":{"confidence_level":0.95,"lower_bound":19345.850538651415,"upper_bound":47464.213039820395},"point_estimate":33620.39320004264,"standard_error":7492.94052030545}}