{"mean":{"confidence_interval":{"confidence_level":0.95,"lower_bound":320133052.71,"upper_bound":323175750.784},"point_estimate":321587197.77,"standard_error":780126.8047928484},"median":{"confidence_interval":{"confidence_level":0.95,"lower_bound":318447212.0,"upper_bound":320733881.0},"point_estimate":319567707.5,"standard_error":651544.0181635114},"median_abs_dev":{"confidence_interval":{"confidence_level":0.95,"lower_bound":3805986.0989302397,"upper_bound":6844684.45738256},"point_estimate":4870942.107823491,"standard_error":786197.8676573589},"slope":null,"std_dev":{"confidence_interval":{"confidence_level":0.95,"lower_bound":6029799.960289443,"upper_bound":9367317.269405415},"point_estimate":7869610.409641943,"standard_error":851641.0151611193}}