{"mean":{"confidence_interval":{"confidence_level":0.95,"lower_bound":323399601.16025,"upper_bound":324138040.0575},"point_estimate":323765722.09,"standard_error":188324.83214888757},"median":{"confidence_interval":{"confidence_level":0.95,"lower_bound":323197215.0,"upper_bound":324171115.5},"point_estimate":323590369.5,"standard_error":260353.3891920327},"median_abs_dev":{"confidence_interval":{"confidence_level":0.95,"lower_bound":1571256.153319627,"upper_bound":2319524.693620205},"point_estimate":1934398.59405756,"standard_error":197187.28246536918},"slope":null,"std_dev":{"confidence_interval":{"confidence_level":0.95,"lower_bound":1630665.2938324097,"upper_bound":2121295.1373693105},"point_estimate":1891161.4292078444,"standard_error":124989.31510125722}}