{"mean":{"confidence_interval":{"confidence_level":0.95,"lower_bound":15858616.955125,"upper_bound":15945805.8848125},"point_estimate":15902129.0025,"standard_error":22245.731405953135},"median":{"confidence_interval":{"confidence_level":0.95,"lower_bound":15830468.5,"upper_bound":15958419.5},"point_estimate":15900919.125,"standard_error":29073.375921517647},"median_abs_dev":{"confidence_interval":{"confidence_level":0.95,"lower_bound":193258.94514396787,"upper_bound":278046.79906368256},"point_estimate":242630.26556745172,"standard_error":21232.264744374443},"slope":null,"std_dev":{"confidence_interval":{"confidence_level":0.95,"lower_bound":192183.60367448782,"upper_bound":252352.66401763647},"point_estimate":223467.68812866736,"standard_error":15415.544156083059}}