{"mean":{"confidence_interval":{"confidence_level":0.95,"lower_bound":17606.84967583595,"upper_bound":18662.487904663853},"point_estimate":18067.55181056087,"standard_error":272.6910635834872},"median":{"confidence_interval":{"confidence_level":0.95,"lower_bound":17214.125767955105,"upper_bound":17582.154482210113},"point_estimate":17383.058555787575,"standard_error":102.44720892797083},"median_abs_dev":{"confidence_interval":{"confidence_level":0.95,"lower_bound":476.9908468060893,"upper_bound":892.7528155338874},"point_estimate":686.7942603404906,"standard_error":108.67669230735895},"slope":{"confidence_interval":{"confidence_level":0.95,"lower_bound":16861.12411374845,"upper_bound":17066.03060895714},"point_estimate":16957.141292020606,"standard_error":52.28647271812079},"std_dev":{"confidence_interval":{"confidence_level":0.95,"lower_bound":1175.0856448917964,"upper_bound":4150.1842354834425},"point_estimate":2738.387589732516,"standard_error":818.3890658436143}}