{"mean":{"confidence_interval":{"confidence_level":0.95,"lower_bound":179615647.1025,"upper_bound":180056721.99374998},"point_estimate":179825022.65,"standard_error":112613.60785456588},"median":{"confidence_interval":{"confidence_level":0.95,"lower_bound":179415947.0,"upper_bound":179933953.0},"point_estimate":179696726.0,"standard_error":106746.13161662921},"median_abs_dev":{"confidence_interval":{"confidence_level":0.95,"lower_bound":732783.1912904978,"upper_bound":1100659.9814593792},"point_estimate":895724.6348977089,"standard_error":94745.00429324008},"slope":null,"std_dev":{"confidence_interval":{"confidence_level":0.95,"lower_bound":842560.4642421535,"upper_bound":1421067.3646892826},"point_estimate":1130072.9922259324,"standard_error":149924.5694082997}}