{"mean":{"confidence_interval":{"confidence_level":0.95,"lower_bound":662941.5478372038,"upper_bound":728877.8537338489},"point_estimate":695291.9803928471,"standard_error":16902.07997761493},"median":{"confidence_interval":{"confidence_level":0.95,"lower_bound":626470.2905982906,"upper_bound":733112.7601973685},"point_estimate":695450.7950721154,"standard_error":28698.207821792465},"median_abs_dev":{"confidence_interval":{"confidence_level":0.95,"lower_bound":134644.90057138333,"upper_bound":199840.33581281625},"point_estimate":169010.75912043822,"standard_error":16087.752712861155},"slope":{"confidence_interval":{"confidence_level":0.95,"lower_bound":619328.0001444733,"upper_bound":685605.5848342365},"point_estimate":652804.5315797251,"standard_error":16883.304376248278},"std_dev":{"confidence_interval":{"confidence_level":0.95,"lower_bound":139860.20596767703,"upper_bound":197799.61418708798},"point_estimate":169024.18072831605,"standard_error":14872.855437011385}}