{"mean":{"confidence_interval":{"confidence_level":0.95,"lower_bound":262699.8129467079,"upper_bound":264578.5920772885},"point_estimate":263564.37028813636,"standard_error":482.38025224421966},"median":{"confidence_interval":{"confidence_level":0.95,"lower_bound":261616.42901234567,"upper_bound":263151.9347826087},"point_estimate":262590.975,"standard_error":394.4119680159107},"median_abs_dev":{"confidence_interval":{"confidence_level":0.95,"lower_bound":1887.1653166845829,"upper_bound":3276.5629282625755},"point_estimate":2778.8449278759535,"standard_error":386.86041170513977},"slope":{"confidence_interval":{"confidence_level":0.95,"lower_bound":261702.21165815767,"upper_bound":262639.97930764395},"point_estimate":262153.2834047584,"standard_error":239.32203851234325},"std_dev":{"confidence_interval":{"confidence_level":0.95,"lower_bound":2845.718327967186,"upper_bound":6784.549782704373},"point_estimate":4836.894547368624,"standard_error":1051.079061075691}}