{"mean":{"confidence_interval":{"confidence_level":0.95,"lower_bound":180070727.47875002,"upper_bound":180308513.86725003},"point_estimate":180188169.45,"standard_error":60394.0569918597},"median":{"confidence_interval":{"confidence_level":0.95,"lower_bound":179966616.0,"upper_bound":180259218.5},"point_estimate":180145737.5,"standard_error":82825.51820220845},"median_abs_dev":{"confidence_interval":{"confidence_level":0.95,"lower_bound":492770.9748865664,"upper_bound":805134.0700060129},"point_estimate":735430.3735435009,"standard_error":85526.95020379043},"slope":null,"std_dev":{"confidence_interval":{"confidence_level":0.95,"lower_bound":525577.5683142268,"upper_bound":681450.1697858288},"point_estimate":607630.5167997662,"standard_error":39744.040703827464}}