{"mean":{"confidence_interval":{"confidence_level":0.95,"lower_bound":1418465.967953125,"upper_bound":1437128.718125},"point_estimate":1427543.231875,"standard_error":4730.913752245694},"median":{"confidence_interval":{"confidence_level":0.95,"lower_bound":1415098.6875,"upper_bound":1434801.96875},"point_estimate":1425942.5,"standard_error":4262.508330583884},"median_abs_dev":{"confidence_interval":{"confidence_level":0.95,"lower_bound":30013.84305480402,"upper_bound":51701.7359258607},"point_estimate":39034.58707574755,"standard_error":5142.125881663653},"slope":null,"std_dev":{"confidence_interval":{"confidence_level":0.95,"lower_bound":36358.74048550711,"upper_bound":59118.348242822285},"point_estimate":47305.54903035742,"standard_error":5963.608058400758}}