{"mean":{"confidence_interval":{"confidence_level":0.95,"lower_bound":342514855.77275,"upper_bound":343754906.43125004},"point_estimate":343130953.52,"standard_error":317413.9859777971},"median":{"confidence_interval":{"confidence_level":0.95,"lower_bound":342315648.0,"upper_bound":343942237.0},"point_estimate":343166207.0,"standard_error":499483.1409367103},"median_abs_dev":{"confidence_interval":{"confidence_level":0.95,"lower_bound":2396651.026850939,"upper_bound":4062971.824067831},"point_estimate":3200449.2742806673,"standard_error":422793.1347196143},"slope":null,"std_dev":{"confidence_interval":{"confidence_level":0.95,"lower_bound":2758889.426406034,"upper_bound":3592169.3146849265},"point_estimate":3187771.178173792,"standard_error":213035.1282721147}}